<?xml version='1.0' encoding='UTF-8'?>
<scenario name="/home/fillipe/T2Redes.xml">
  <networks>
    <network id="7" name="n7" type="HUB">
      <position x="707" y="464" lat="47.57494892806669" lon="-122.1227953664119" alt="2.0"/>
    </network>
    <network id="8" name="n8" type="HUB">
      <position x="643" y="250" lat="47.576894235783946" lon="-122.12365774908467" alt="2.0"/>
    </network>
  </networks>
  <devices>
    <device id="1" name="n1" type="host" class="" image="">
      <position x="433" y="398" lat="47.57554889049058" lon="-122.12648744222966" alt="2.0"/>
      <services>
        <service name="DefaultRoute"/>
        <service name="SSH"/>
      </services>
    </device>
    <device id="2" name="n2" type="host" class="" image="">
      <position x="498" y="169" lat="47.57763052499106" lon="-122.12561158482764" alt="2.0"/>
      <services>
        <service name="DefaultRoute"/>
        <service name="SSH"/>
      </services>
    </device>
    <device id="3" name="n3" type="host" class="" image="">
      <position x="641" y="77" lat="47.57846679153218" lon="-122.12368469854319" alt="2.0"/>
      <services>
        <service name="DefaultRoute"/>
        <service name="SSH"/>
      </services>
    </device>
    <device id="4" name="n4" type="host" class="" image="">
      <position x="692" y="658" lat="47.57318536235466" lon="-122.12299748735083" alt="2.0"/>
      <services>
        <service name="DefaultRoute"/>
        <service name="SSH"/>
      </services>
    </device>
    <device id="5" name="n5" type="host" class="" image="">
      <position x="870" y="642" lat="47.573330813320375" lon="-122.12059898554223" alt="2.0"/>
      <services>
        <service name="DefaultRoute"/>
        <service name="SSH"/>
      </services>
    </device>
    <device id="6" name="n6" type="host" class="" image="">
      <position x="930" y="327" lat="47.57619429693824" lon="-122.11979050178654" alt="2.0"/>
      <services>
        <service name="DefaultRoute"/>
        <service name="SSH"/>
      </services>
    </device>
  </devices>
  <links>
    <link node1="7" node2="4">
      <iface2 id="0" name="eth0" mac="00:00:00:aa:00:00" ip4="10.0.0.13" ip4_mask="24" ip6="2001::13" ip6_mask="64"/>
      <options delay="0" bandwidth="0" loss="0.0" dup="0" jitter="0" unidirectional="0"/>
    </link>
    <link node1="7" node2="5">
      <iface2 id="0" name="eth0" mac="00:00:00:aa:00:01" ip4="10.0.0.14" ip4_mask="24" ip6="2001::14" ip6_mask="64"/>
      <options delay="0" bandwidth="0" loss="0.0" dup="0" jitter="0" unidirectional="0"/>
    </link>
    <link node1="7" node2="6">
      <iface2 id="0" name="eth0" mac="00:00:00:aa:00:02" ip4="10.0.0.15" ip4_mask="24" ip6="2001::15" ip6_mask="64"/>
      <options delay="75000" bandwidth="256000" loss="0.0" dup="0" jitter="0" unidirectional="0"/>
    </link>
    <link node1="8" node2="2">
      <iface2 id="0" name="eth0" mac="00:00:00:aa:00:0c" ip4="10.0.0.10" ip4_mask="24" ip6="2001::10" ip6_mask="64"/>
      <options delay="0" bandwidth="0" loss="0.0" dup="0" jitter="0" unidirectional="0"/>
    </link>
    <link node1="8" node2="3">
      <iface2 id="0" name="eth0" mac="00:00:00:aa:00:0d" ip4="10.0.0.11" ip4_mask="24" ip6="2001::11" ip6_mask="64"/>
      <options delay="0" bandwidth="0" loss="0.0" dup="0" jitter="0" unidirectional="0"/>
    </link>
    <link node1="8" node2="1">
      <iface2 id="0" name="eth0" mac="00:00:00:aa:00:0e" ip4="10.0.0.12" ip4_mask="24" ip6="2001::12" ip6_mask="64"/>
      <options delay="75000" bandwidth="256000" loss="0.0" dup="0" jitter="0" unidirectional="0"/>
    </link>
    <link node1="8" node2="7">
      <iface2 id="0" name="veth7.8.66"/>
      <options delay="75000" bandwidth="0" loss="0.0" dup="0" jitter="0" unidirectional="1"/>
    </link>
  </links>
  <emane_global_configuration>
    <emulator/>
    <core>
      <configuration name="platform_id_start" value="1"/>
      <configuration name="nem_id_start" value="1"/>
      <configuration name="link_enabled" value="1"/>
      <configuration name="loss_threshold" value="30"/>
      <configuration name="link_interval" value="1"/>
      <configuration name="link_timeout" value="4"/>
    </core>
  </emane_global_configuration>
  <session_origin lat="47.5791667" lon="-122.132322" alt="2.0" scale="150.0"/>
  <session_options>
    <configuration name="controlnet" value=""/>
    <configuration name="controlnet0" value=""/>
    <configuration name="controlnet1" value=""/>
    <configuration name="controlnet2" value=""/>
    <configuration name="controlnet3" value=""/>
    <configuration name="controlnet_updown_script" value=""/>
    <configuration name="enablerj45" value="1"/>
    <configuration name="preservedir" value="0"/>
    <configuration name="enablesdt" value="0"/>
    <configuration name="sdturl" value="tcp://127.0.0.1:50000/"/>
    <configuration name="ovs" value="0"/>
  </session_options>
  <session_metadata>
    <configuration name="canvas c1" value="{name {Canvas1}} {refpt {0 0 47.5791667 -122.132322 2.0}} {scale 150.0} {size {1400 800}}"/>
    <configuration name="global_options" value="interface_names=yes ip_addresses=yes ipv6_addresses=no node_labels=yes link_labels=yes show_api=no background_images=no annotations=yes grid=yes traffic_start=0"/>
    <configuration name="annotation a1" value="{iconcoords {410.0 364.0}} {type text} {label {Vitima}} {labelcolor black} {fontfamily {Arial}} {fontsize 12} {canvas c1}"/>
    <configuration name="annotation a2" value="{iconcoords {909.0 282.0}} {type text} {label {Atacante}} {labelcolor black} {fontfamily {Arial}} {fontsize 12} {canvas c1}"/>
    <configuration name="annotation a3" value="{iconcoords {384.0 332.0 524.0 451.0}} {type oval} {label {}} {labelcolor black} {fontfamily {Arial}} {fontsize 12} {color #CFCFFF} {width 0} {border black} {canvas c1}"/>
    <configuration name="annotation a4" value="{iconcoords {846.0 247.0 1013.0 383.0}} {type oval} {label {}} {labelcolor black} {fontfamily {Arial}} {fontsize 12} {color #CFCFFF} {width 0} {border black} {canvas c1}"/>
  </session_metadata>
  <default_services>
    <node type="mdr">
      <service name="zebra"/>
      <service name="OSPFv3MDR"/>
      <service name="IPForward"/>
    </node>
    <node type="PC">
      <service name="DefaultRoute"/>
    </node>
    <node type="prouter"/>
    <node type="router">
      <service name="zebra"/>
      <service name="OSPFv2"/>
      <service name="OSPFv3"/>
      <service name="IPForward"/>
    </node>
    <node type="host">
      <service name="DefaultRoute"/>
      <service name="SSH"/>
    </node>
  </default_services>
</scenario>
